"sku number","name","tipe produk","quantity","hpp average","selling price","Principle"
"ABD","APIBAN DROP 15ML","Obat","0","118750","142500","LAPI LABORATORIES"
"ACE","ACETIN 200MG CAP 30S","Obat","70","2400","2760","SANBE FARMA"
"ACF","ACIFAR CR 5G","Obat","2","6553,44","8191,8","IFARS"
"ACFB","ALCOFLU =~ BATUK SIRUP 100ML","Obat","5","42801,56","59922,184","INTERBAT"
"ACFR","ACIFAR 200 MG 100SS","Obat","140","614,1","767,625","KITA BERSATU"
"ACIF","ACIFAR 400MG TAB 30S","Obat","12","1111,44","1389,3","IFARS"
"ACP","ALCO PLUS SYR 100ML","Obat","1","73500","77175","INTERBAT"
"AIT","VAKSIN INFLUVAC TETRA SH","Obat","10","199100","268785","ABBOT"
"AKH 1","ALKOHOL 70% 100ML","Obat","5","4500","5175","ONE MED"
"AKH 2","ALKOHOL 70% 300ML","Obat","2","11500","13225","ONE MED"
"ALD","ALDISA SR CAP 50S","Obat","0","5950","6842,5","SANBE FARMA"
"ALF","ALERFED PLUS EXPECT SYR 60ML","Obat","4","28500","34200","GUARDIAN"
"ALOGEL","ALOCLAIR PLUS GEL 8ML","Obat","4","85000","99900,5","ENSEVAL"
"ALOSP","ALOCLAIR PLUS SPRAY 15ML","Obat","5","95000","109250","KALBE"
"ALRF","ALERFED SYR","Obat","40","18000","20700","GUARDIAN"
"AMOX","AMOXSAN 125MG/5ML D SYR 60ML","Obat","10","22522,5","25961,25","SANBE FARMA"
"AMOX 1","AMOXSAN 500MG CAP 100S","Obat","95","3300","3795","SANBE FARMA"
"AMOX 2","AMOXSAN PAED 100MG/ML DROP 15ML","Obat","8","23000","26450","SANBE FARMA"
"AMOXF","AMOXSAN F 250MG/5ML D SYR 60ML","Obat","5","31980","37736,4","SANBE FARMA"
"ANCEF","ANCEFA 125MG/5ML D SYR 60ML","Obat","9","45000","54000","MEPRO"
"APCS","APECUR SYR 100ML","Obat","7","45000","56250","SIMEX PHARMACEUTICAL"
"APD","APETIC 100MG/ML DROP 15ML","Obat","3","27500","33000","LAPI LABORATORIES"
"APS","APETIC 120MG/5ML SUSP 60ML","Obat","5","30875","37050","LAPI LABORATORIES"
"APTF","APETIC FORTE 250MG/5ML SUSP 60ML","Obat","10","36100","43320","LAPI LABORATORIES"
"ARC","ARCOXIA 90MG TAB 30S","Obat","30","17421,57","21428,5311","MSD"
"AS","ALKOHOL SWAB ONESWABS","Obat","200","150","172,5","ONE MED"
"ATB","CEFILA 100MG/5ML D SYR 30ML","Obat","9","95000","114000","LAPI LABORATORIES"
"ATB 1","CLINMAS 150MG CAP 30S","Obat","30","4275","5130","LAPI LABORATORIES"
"ATB 2","LAPIMOX 500MG TAB 100S","Obat","100","3325","3990","LAPI LABORATORIES"
"AVAX","VAKSIN AVAXIM 80U PEDIATRIC","Obat","6","306826","383532,5","SANOFI"
"AXTA","AXTAN 4MG CAP 30S","Obat","30","9700","11640","SOLAS"
"BALSEM","MAXTUSIVE CARE BABY CR 20GR","Obat","2","54000","67500","PENTA VALENT"
"BALSEM 2","MAXTUSIVE CARE KIDS CR 20GR","Obat","3","54000","62100","PENTA VALENT"
"BAQ","BAQUINOR F 500MG TAB 20S","Obat","4","13900","15985","SANBE FARMA"
"BAY","BAYCUTEN N CR 5G","Obat","2","58946,55","70735,86","BAYER"
"BB","BEARBRAND RTD MILK","Obat","22","8830","10154,5","ENSEVAL"
"BBF 1","BYE BYE FEVER BAYI SACH 10S","Obat","2","6450","7417,5","ONE MED"
"BBF 2","BYE BYE FEVER ANAK SACH 10S","Obat","12","9200","10580","ONE MED"
"BBF 3","BYE BYE FEVER DWS SACH 10S","Obat","20","10570","12155,5","ONE MED"
"BCZ","BECOM ZET TAB 100S","Obat","90","2250","2587,5","SANBE FARMA"
"BDM","BDM SIRUP 60ML","Obat","2","37000","45829,5455","PENTA VALENT"
"BEN","BENOSON N CR 15G","Obat","0","37740","43401","BERNOFARM"
"BEN 1","BENOSON N CR 5G","Obat","3","16745","19867,6875","BERNOFARM"
"BETA","BETASON N CR 5G","Obat","4","14355","18374,4","KIMIA FARMA"
"BETAM","BETAMETHASONE PHAPROS 0.1% CR 5G","Obat","5","8491,5","10614,375","PHAPROS"
"BIO","BIOCORT CR 10GR","Obat","1","22550,48","33825,72","MEDIKON"
"BIOP","BIOPLACENTON GEL 15G","Obat","2","26418","34343,4","KALBE"
"BMS","BUSMIN SIRUP 60ML","Obat","2","93500","114257","PENTA VALENT"
"BNS","BNS BREATHY NASAL SPRAY 30ML","Obat","4","70400","95040","ANTARMITRA SEMBADA"
"BOR","BORRAGINOL S OINT 15G","Obat","1","113053,5","133403,13","TAKEDA"
"BOR 1","BORRAGINOL N OINT 15G","Obat","1","83982,6","99099,468","TAKEDA"
"BOS","BIOSTRUM SYR 100ML","Obat","0","52250","62700","LAPI LABORATORIES"
"BRON","BRONKIPECT SIRUP 60ML","Obat","2","37800","47250","IMEDCO DJAJA"
"BSM KAP","BUSMIN 500MG CAP 10S STRIP 3S","Obat","30","7700","9884,875","GRACIA"
"BUF","BUFACOMB IN ORAL BASE CR 5G","Obat","4","25308","33416,55","BUFA"
"C GENT","C GENTA 0.3% EYE DROP 5ML","Obat","3","28630,09","35501,3116","CENDO"
"CALD","CALADINE LOT 95ML","Obat","1","21743,79","26092,548","GALENIUM"
"CALP","CALADINE POWDER ORIG 100G","Obat","2","15490,6","18588,72","GALENIUM"
"CAP","CAPRITAZIN 10MG/ML DROP 20ML","Obat","1","55000","64533,33336","CAPRIFARMINDO LABORATORIES"
"CAT","CATAFLAM 50MG TAB 50S","Obat","50","6680,78","7816,5126","NOVARTIS INDONESIA"
"CDPRN","CODIPRONT CUM EXPECT KAPSUL","Obat","100","9548","10980,2","KIMIA FARMA"
"CDS","COLTIN DRY SIRUP 60ML","Obat","4","45980","55176","GUARDIAN"
"CEF","CEFAT 125MG/5ML D SYR 60ML","Obat","0","46250","53187,5","SANBE FARMA"
"CEF1","CEFAT 250MG CAP 100S","Obat","36","5460","6442,8","SANBE FARMA"
"CENDO","C STATROL EYE DROP 5ML","Obat","2","17337,5","20805","CENDO"
"CENDO 1","C XITROL EYE DROP 5ML","Obat","6","29900","35580,99996","CENDO"
"CENDO 2","C XITROL EYE OINT 3.5G","Obat","3","34081","40897,2","CENDO"
"CENDO 3","C EYEFRESH EYE DROP 5ML","Obat","3","29134,58","34280,064","CENDO"
"CENDO 4","C MYCOS EYE DROP 5ML","Obat","5","18881","22657,2","CENDO"
"CER","CERINI 10MG TAB 20S","Obat","5","3802,5","4395,3","SANBE FARMA"
"CERD","CERINI 10MG/ML DROP 20ML","Obat","0","71300","81995","SANBE FARMA"
"CERNEVAMPUL","CERNEVIT 750MG 10S VIAL","Obat","10","300000","375000","KALBE"
"CESB","CESSA BABY HAPPY NOSE 8ML","Obat","5","28900","33235","SARAKAMANDIRI"
"CESK2","CESSA KIDS HAPPY NOSE 8ML","Obat","5","24600","28290","SARAKAMANDIRI"
"CET","CETIRGI 5MG/5ML SYR 60ML","Obat","1","57000","68400","OTTO"
"CFR","CEFAROX 100 MG","Obat","90","23000","27600","GRACIA"
"CFRX","CFERAOX DRY SYR","Obat","0","96250","0","GRACIA"
"CFRX1","CEFAROX DRY SYR","Obat","1","96250","115500","PENTA VALENT"
"CJS","COMBANTRIN JERUK SUSP 10ML","Obat","0","18777,64","22157,6152","PFIZER"
"CLC","CLINMAS 300MG CAPS 30S","Obat","30","8075","9690","DAYA ANUGERAH DEWATASAKTI"
"CLN","CLANEKSI 125MG/5ML D SYR 60ML","Obat","1","58550","66911,67188","SANBE FARMA"
"CLN 1","CLANEKSI F 250MG/5ML D SYR 60ML","Obat","1","75757,5","87121,125","SANBE FARMA"
"CLNV","CLINOVIR CR 5GR","Obat","3","38850","43701,3","ANTARMITRA SEMBADA"
"COBZ","COBAZIM 1000MCG CAP 100S","Obat","477","4041,95","5052,4375","INTERBAT"
"COBZ1","COBAZIM 3000MCG CAP 100S","Obat","290","9304,68","11630,85","INTERBAT"
"COLTIN","COLTIN 300MG CAP 20S","Obat","200","5200","6240","GUARDIAN"
"CORT","CORTIDEX 0.5MG TAB 100S","Obat","0","341,25","394,8479","SANBE FARMA"
"CPS","CALNIC PLUS SUSP 100ML","Obat","11","77000","98039,11767","GRACIA"
"CPT","CEPTIK DRY SYR 30ML","Obat","2","126250","170437,5","INTERBAT"
"CRM","FUNGASOL 2% CR 10G","Obat","6","28000","33320,00004","GUARDIAN"
"CRM 1","FULADIC 2% CR 5G","Obat","7","58000","68053,33332","GUARDIAN"
"CTM","CTM PIM 4MG TAB 12S STRIP 24S","Obat","85","68,06","98,687","PIM INDONESIA"
"CTZ","CTZ DROPS 10ML","Obat","2","45000","56250","PENTA VALENT"
"CTZ 1","CTZ SIRUP 5MG/5ML 60ML","Obat","81","55000","79750","NULAB PHARMACEUTICAL INDONESIA"
"CUPANOL","CUPANOL 120MG/5ML SUSP 60ML","Obat","5","23000","27600","GUARDIAN"
"DHA","DHAEPA 30S SOFT KAPSUL","Obat","60","12900","16125","IMEDCO DJAJA"
"DIA","DIAGIT TAB 10S STRIP 10S","Obat","319","3040","3800","INTERBAT"
"DIC","DIGENTA CR 10G","Obat","2","79648,12","99560,15","INTERBAT"
"DISU","DISUDRIN PED 15MG/5ML SYR 60ML","Obat","3","32139,45","40174,3125","MEDIFARMA"
"DISU1","DISUDRIN PED 7.5MG/0.8ML DROP 10ML","Obat","7","40800","51000","MEDIFARMA"
"DSLX","DESOLEX CREAM 10 GR","Obat","4","25000","31250","PENTA VALENT"
"DSLXN","DESOLEX N CR 10 GR","Obat","4","31360","39200","PENTA VALENT"
"DTS","DESTAVELL TABLET 30S","Obat","203","9166,66","11587,4924","ANTARMITRA SEMBADA"
"DUG","DERMATIX ULTRA GEL 5G","Obat","0","108613,5","130336,2","TRANSFARMA"
"DUL","DULCOLACTOL SYR 60ML","Obat","2","70032,51","84039,012","BOEHRINGER INGELHEIM"
"DUL 1","DULCOLAX SUPP ADULT 5S","Obat","5","28002,67","33603,204","BOEHRINGER INGELHEIM"
"DZD","DARYAZINC 27.5MG/ML DROPS 15ML","Obat","4","37529,1","40758,37465","DARYA VARIA"
"DZS","DARYAZINC 55MG/5ML SYR 60ML","Obat","8","32500","40625","DARYA VARIA"
"EDS","ERDOMEX 175MG SIRUP KERING 60ML","Obat","4","50000","61458,33338","PENTA VALENT"
"EFL","EFLAGEN 50MG TAB 50S","Obat","50","2300","2645","SANBE FARMA"
"ELOX","ELOX 0.1% CR 5G","Obat","4","48000","57600","GUARDIAN"
"EPT","ERLAMYCETIN PLUS EYE DROP 5ML","Obat","1","16605,6","22417,56","ERELA"
"EPX","EPEXOL 30MG TAB 100S","Obat","224","925","1063,75","SANBE FARMA"
"ERYS","ERYSANBE CHEW 200MG TAB 100S","Obat","100","2000","2300","SANBE FARMA"
"ERYSA","ERYSANBE 200MG/5ML D SYR 60ML","Obat","2","27056,25","31314,14063","SANBE FARMA"
"FCX","FORCANOX 100MG CAP 18S","Obat","18","21090","25308","GUARDIAN"
"FD","FEROSFER DROPS 15ML","Obat","2","33150","43095","PENTA VALENT"
"FEM","FEMISIC 500MG TAB 100S","Obat","228","1425","1710","CAPRIFARMINDO LABORATORIES"
"FEN","FENATIC 100MG/5ML SUSP 60ML","Obat","0","31350","36263,3333","SOHO"
"FER","FERVIT STRAW DROP 15ML","Obat","5","42750","51300","LAPI LABORATORIES"
"FERK","FERRO K DROP 15ML","Obat","1","31500","39375","NOVELL PHARMACEUTICAL LABORATORIES"
"FLAM","FLAMSY 50MG TAB 30S","Obat","30","1950","2437,5","IMEDCO DJAJA"
"FORKAP","FORLIV KAPSUL 30S","Obat","60","5500","6600","GRACIA"
"FORMY","FORMYCO 200MG TAB 50S","Obat","45","5700","6555","SANBE FARMA"
"FORSUP","FORLIV SIRUP 60ML","Obat","10","55000","66000","GRACIA"
"FORU","FORUMEN EAR DROP 10ML","Obat","3","28900","33235","SANBE FARMA"
"FRD","FORTI D 400IU SYR 100ML","Obat","4","24438,75","28593,3375","DARYA VARIA"
"FS","FEROSFER SUSP 120ML","Obat","1","41000","51301,25","PENTA VALENT"
"FTH","FG TROCHES MEIJI TAB 120S","Obat","8","15037,42","18496,0266","MEIJI"
"FTV","FLUTIVEL NASAL SPRAY 120 DOSIS","Obat","1","110000","148500","NOVELL PHARMACEUTICAL LABORATORIES"
"FU","FLUIMUCIL 600MG EFF 10S","Obat","30","18434,88","20923,056","ZAMBON"
"FUCO","FUCOTRAP 50MG CAP 20S","Obat","40","9900","11880","SOLAS"
"GEL","THROMBOPHOB GEL 20G","Obat","3","64602","76230,36","KITA BERSATU"
"GERD","EZOCON 20MG KAPLET 30S","Obat","50","16500","22275","ANTARMITRA SEMBADA"
"GERD 1","EZOCON 40MG KAPLET 30S","Obat","24","18000","24300","ANTARMITRA SEMBADA"
"GMK","GRAMILAC KAPLET 60S","Obat","140","3850","4897,75","PENTA VALENT"
"GP","GP RL INFUS SOFT BAG 500ML","Obat","12","8559","9842,85","PENTA VALENT"
"HDC","HYDRO COCO ORIGINAL","Obat","10","5400","6210","ENSEVAL"
"HDC V","HYDRO COCO VITA-D 330 ML","Obat","5","7850","9027,5","ENSEVAL"
"HEC","HOLISTICARE SUPER ESTER C TAB 30S BTL","Obat","2","44436,63","51990,8571","KITA BERSATU"
"HEK","HOLISTICARE SUPER ESTER C KIDS CHEW TAB 30S BTL","Obat","2","37583,49","43972,6833","KITA BERSATU"
"HEP","HEPTASAN 4MG TAB 100S","Obat","151","403,75","476,376575","SANBE FARMA"
"HER","HEROCYN PWD 150G","Obat","2","15873","18253,95","CORONET"
"HER 1","HEROCYN PWD 85G","Obat","2","11322","13020,3","CORONET"
"HERB","HEROCYN BABY PWD 100G","Obat","1","7548","8680,2","CORONET"
"HI-CUR","HI-CUR 500 MG 30S KAPSUL","Obat","116","14000","17015,06025","IMEDCO DJAJA"
"HI-KID","HI-KID BUBBLE GUM TAB 30S","Obat","30","5250","6562,5","IMEDCO DJAJA"
"HIS","HISPAMIN 10MG TAB 100S","Obat","314","2500","2993,31216","OTTO"
"HSK","HANSAPLAST ANAK KARAKTER","Obat","6","13500","15525","ONE MED"
"IDE","BUFACOMB IN ORAL BASE CR 5G","Obat","0","14353","0","COMBIPHAR"
"IMBOOST","IMBOOST FORCE FCT CAPL 30S","Obat","10","6577,69","7893,228","SOHO"
"IMUN","IMUNKID DROP 15 ML","Obat","20","51000","63750","NOVELL PHARMACEUTICAL LABORATORIES"
"IMUN1","IMUNKID SIRUP 60 ML","Obat","4","54000","67500","NOVELL PHARMACEUTICAL LABORATORIES"
"IMUND","IMUNPED DROP 15ML","Obat","9","52500","61425","DARYA VARIA"
"INDX","INDEXON 0.5MG TAB 100S","Obat","100","725,76","907,2","INTERBAT"
"INER","INERSON 0.25% OINT 15G","Obat","1","73879,21","92349,0125","INTERBAT"
"INFUS 1","NACL 100ML","Obat","7","13269,21","18576,894","OTSU"
"INS","INSTO DRY EYES 7.5ML","Obat","3","14067","16458,39","ANTARMITRA SEMBADA"
"INTER","INTERLAC DROP 5ML","Obat","2","315000","425250","INTERBAT"
"INTER1","INTERLAC STRAWBERRY CHEW TAB 30S","Obat","30","8436,25","10545,3125","INTERBAT"
"INTERT","INTERZOL 200MG TAB 50S","Obat","50","5715,31","7144,1375","INTERBAT"
"INTERZ","INTERZINC 20MG/5ML SYR 60ML","Obat","13","51500","64375","INTERBAT"
"IPF","IPROX FORTE 200MG/5ML STRAW SUSP 60ML","Obat","8","29250","36562,5","NOVELL PHARMACEUTICAL LABORATORIES"
"IRMX","IREMAX TABLET","Obat","300","1150","1380","GUARDIAN"
"ISA 1","INFUS SET ANAK TERUMO","Obat","2","27500","31625","ONE MED"
"ISC","NACL 0.9% 500ML MJB","Obat","20","6774,74","7926,4458","ONE MED"
"ISD 1","INFUS SET DWS","Obat","2","17500","20125","ONE MED"
"ITRCNZL","ITRACONAZOLE 100 MG 30S","Obat","30","5069","6082,8","KITA BERSATU"
"JFSULFUR","JF SULFUR DERMAMED 90GR","Obat","2","11789,31","14147,172","GALENIUM"
"KBM","KAPAS BOLA MEDISOFT","Obat","2","12500","14375","ONE MED"
"KC","KONSTILAC SIRUP 60ML","Obat","4","55000","66000","IKAPHARMINDO"
"KEN","KENALOG IN ORABASE 5GR","Obat","0","69930","80419,5","TAISHO"
"KID-S","KID-D STRAW SYR 60ML","Obat","0","76500","95625","IMEDCO DJAJA"
"KLDRM","KLODERMA OINT 10 GR","Obat","2","34775","43468,75","PENTA VALENT"
"KNC","KENACORT-A CR","Obat","5","98000","98000",""
"KSH","KASA STERIL HUSADA","Obat","2","12500","14375","ONE MED"
"LAC","LACTRIN 300MG CAP 20S","Obat","22","5250","6300","LAPI LABORATORIES"
"LAP","LAPIMUC DROPS 15ML","Obat","2","39900","47880","LAPI LABORATORIES"
"LARUTAN","LARUTAN PENYEGAR CAP BADAK 350ML","Obat","13","5583,3","6206,74918","SINDE BUDI SENTOSA"
"LARUTAN 1","LARUTAN PENYEGAR CAP BADAK LECI 320ML","Obat","13","5583","6420,45","SINDE BUDI SENTOSA"
"LARUTAN1","LARUTAN KAKI TIGA KLG JERUK","Obat","1","5500","6600","KITA BERSATU"
"LAS","LAMESON 4MG/5ML SUSP 30ML","Obat","3","90250","108300","LAPI LABORATORIES"
"LAS 1","LASAL 4MG CAP 100S","Obat","143","2250","2625,26784","LAPI LABORATORIES"
"LAT","LAPISTAN 500MG CAPL 100S","Obat","100","1615","1938","LAPI LABORATORIES"
"LAX","LAXADINE EMULSI 60ML","Obat","2","43458","56495,4","GALENIUM"
"LDC","LIDOCAINE COMPOSITUM INJ/100 2ML","Obat","100","1665","1914,75","KIMIA FARMA"
"LEOMOX","LEOMOXYL DRY SYRUP 125 MG/5 ML 60 ML","Obat","5","29000","34800","GUARDIAN"
"LEV","LEVOCIN 500MG TAB 18S","Obat","18","37800","43470","SANBE FARMA"
"LMS","LAMESON 4MG TAB 100S","Obat","398","4500","5400","LAPI LABORATORIES"
"LND","LANOS DROPS 15ML","Obat","1","45125","54150","LAPI LABORATORIES"
"LOKCR","LOKSIN CR 10GR","Obat","0","69500","83400","SOLAS"
"LONG","LONGATIN 50MG CAP 100S","Obat","295","4895,1","5819,19828","ACTAVIS"
"LSK","LASAL 2MG CAP 100S","Obat","264","1750","2060,42052","LAPI LABORATORIES"
"MAXDROP","MAXPRO DRY SIRUP DROP 30ML","Obat","5","55000","66000","MEPRO"
"MAXDS","MAXPRO DRY SIRUP 30ML","Obat","10","82000","98400","MEPRO"
"MAXK","MAXPRO 100MG CAP 30S","Obat","258","19000","22322,79072","MEPROFARM"
"ME 1","ONE MED MASKER EARLOOP 50S","Obat","50","350","402,5","ONE MED"
"MEDIGELTR","MEDIKLIN TR GEL 15G","Obat","2","44300","55375","SDM LAB"
"MEDIKGEL","MEDIKLIN 1% GEL 15G","Obat","2","25180","31475","SDM LAB"
"MEDISTEIN","MEDISTEIN 300MG CAP 20S","Obat","100","4600","5520","PROMEDRAHARDJO FARMASI INDUSTRI"
"MEF","MEFINAL 500MG TAB 100S","Obat","67","1500","1725","SANBE FARMA"
"MEFO","MEFOZ 4MG/5ML SYR 60ML","Obat","8","90000","108000","PROMEDRAHARDJO FARMASI INDUSTRI"
"MGK","MAGANOL 500MG CAPL 120S","Obat","1919","500","597,89256","GUARDIAN"
"MILO","MILO ACTIV-GO 220 ML","Obat","12","7698","8852,7","ENSEVAL"
"MINOS2","MINOSEP GARGLE 0.2% MERAH 200ML","Obat","2","55000","64900","PENTA VALENT"
"MINOSKIDS","MINOSEP MOUTHWASH KIDS 200ML","Obat","4","43000","53750","PENTA VALENT"
"MNA","MASKER NEBULIZER ANAK GEA","Obat","2","35000","40250","ONE MED"
"MON","MONELL 5MG/5ML SUSP 60ML","Obat","7","43200","54000","NOVELL PHARMACEUTICAL LABORATORIES"
"MON1","MONELL 10MG TAB 50S","Obat","100","4083,2","5512,32","NOVELL PHARMACEUTICAL LABORATORIES"
"MS","MAXBIOTIK SACH 30S","Obat","940","8500","10625","SIMEX PHARMACEUTICAL"
"MT","MYONEP 50MG TAB 100S","Obat","100","5462,5","6281,875","LAPI LABORATORIES"
"MUC","MUCERA 15MG/ML DROP 15ML","Obat","6","40000","48000","OTTO"
"MUC1","MUCERA 15MG/5ML SYR 60ML","Obat","2","28500","34200","OTTO"
"MUS","MUCOS SIRUP 60ML","Obat","7","16500","19517,14284","MEPRO"
"MUSTELA 1","MUSTELA GENTLE SOAP CC 100GR","Obat","2","106000","121900","ENSEVAL"
"MUSTELA 2","MUSTELA STELATOPIA CLEANSING GEL 200 ML","Obat","2","330000","379500","ENSEVAL"
"MUSTELA 3","MUSTELA STELATOPIA =~ EMOLLIENT CREAM 150ML","Obat","2","375000","506250","ENSEVAL"
"MUSTELLA","MUSTELA BEBE 2IN1 CLEANSING GEL 200 ML","Obat","2","156000","179400","ENSEVAL"
"MYC","MYCO-Z OINT 10G","Obat","10","96015","110417,25","TAISHO"
"NAP","NAPREX 60MG/0.6ML DROP 15ML","Obat","0","43772,73","51214,0941","MEDIFARMA"
"NAR8","NARFOZ 8MG TAB 12S","Obat","12","24375","28762,5","NOVELL PHARMACEUTICAL LABORATORIES"
"NARKOTIKA","CODIKAF TAB 15MG 100S","Obat","413","1837,5","2113,125","KIMIA FARMA"
"NARS","NARFOZ 4MG/5ML SYR 60ML","Obat","0","87750","103545","NOVELL PHARMACEUTICAL LABORATORIES"
"NAT","NALGESTAN TAB 100S","Obat","450","2108,44","2424,706","KITA BERSATU"
"NDS","NIKOLAM 125MG/5ML DS 60ML","Obat","4","23750","28500","MEPRO"
"NEB 1","LASAL COM 2.5ML","Obat","63","14250","17100","DAYA ANUGERAH DEWATASAKTI"
"NEEDLE","SAFEJECT HYPONEED 25G1 INCX10","Obat","20","9009","0","ENSEVAL"
"NEO","NEO KAOLANA SUSP 120ML","Obat","12","14050","16090,17705","SANBE FARMA"
"NEURO","NEUROBION FORTE TAB 10S STRIP 25S","Obat","250","4150,26","4980,312","MERCK"
"NEXSACHET","NEXIUM 10MG GRANUL SACH 28S","Obat","40","20000","23600","ASTRAZENECA PHARMACEUTICAL"
"NFC","NOSFOCIN 30MG/5ML SYR 120ML","Obat","1","86000","116100","NOVELL PHARMACEUTICAL LABORATORIES"
"NFY","NU-FIT SYR","Obat","22","70000","115500","GUARDIAN"
"NOD","NORAGES DROPS 20ML","Obat","10","39000","46800","MEPRO"
"NOS","NORAGES 250MG/5ML SIRUP 60ML","Obat","2","32000","38400","MEPRO"
"NSB","NULOSE SIRUP 60ML","Obat","0","40500","50625","NULAB PHARMACEUTICAL INDONESIA"
"NSCF","NESCAFE CAPPUCINO 220ML","Obat","5","5161","5935,15","ENSEVAL"
"NUB","NUBREX 100MG KAPSUL","Obat","30","5415","6498","GUARDIAN"
"NUB 1","NUBREX 200MG KAPSUL","Obat","30","8360","10032","GRACIA"
"NUPS","NUPRINOL 250MG/5ML SYR 60ML","Obat","96","70000","79973,36452","NULAB PHARMACEUTICAL INDONESIA"
"NYM","NYMIKO ORAL DROP 12ML","Obat","1","36270","41977,875","SANBE FARMA"
"NYS","NYSTIN ORAL DROP 12ML","Obat","4","43700","52440","KALBE"
"OBAT","PARACETAMOL","Obat","0","1000","1100",""
"OBAT 1","VOSTRIN 300MG CAP 20S","Obat","1","3750","5062,5","NOVELL PHARMACEUTICAL LABORATORIES"
"OBAT 2","PYREX TABLET 20S","Obat","64","532,4","718,74","NOVELL PHARMACEUTICAL LABORATORIES"
"OBAT KUMUR","BETADINE GARGLE 190ML","Obat","2","32445","38934","MUNDIPHARMA"
"OBAT KUMUR 2","MINOSEP GARGLE 0.2% MERAH 60ML","Obat","3","30000","43500","MINOROCK"
"ODN","ONDANE SYR 60","Obat","93","50000","57500","GUARDIAN"
"OPI","OPICORT 4MG TAB 30S","Obat","245","4200","5037,4416","OTTO"
"OTI","OTILON EAR DROP 8ML","Obat","3","43600","50140","SANBE FARMA"
"OTOP","OTOPAIN EAR DROP 8ML","Obat","1","68482,5","85603,125","INTERBAT"
"OXO","OXOPI SYR 60ML","Obat","4","33250","39900","OTTO"
"PAMOL125","PAMOL 125MG SUPP 12S","Obat","8","16583,33","22387,4955","INTERBAT"
"PAMOL250","PAMOL 250MG SUPP 12S","Obat","22","24450","33007,5","INTERBAT"
"PD3DROP","PROVE D3 DROP 12.5ML","Obat","2","220000","275000","KALBE"
"PED","PEDIALYTE BUBLE GUM 500ML","Obat","3","37540,2","45048,24","ABBOT"
"PED 1","PEDIALYTE SOL 500ML","Obat","3","37540,2","45048,24","ABBOT"
"PEDIA","PEDIACOMPLETE VANILA 800G KALENG","Obat","45","331068,84","413836,05","ABBOT"
"PEDILAX","PEDILAX 17G SACH 10S","Obat","20","26000","31200","DANKOL"
"PEDX","PEDITOX 50ML","Obat","3","8919,62","10435,9554","COMBIPHAR"
"PENCERNAAN","L-BIO SACH 30S","Obat","135","8550","10260","DAYA ANUGERAH DEWATASAKTI"
"PERASA","SIRPLUS RASA ANGGUR 100ML","Obat","0","13300","15960","MEPRO"
"PERASA 1","SIRPLUS RASA JERUK 100ML","Obat","5","14000","16800","MEPRO"
"PERASA 2","SIRPLUS RASA STRAWBERRY 100ML","Obat","43","14000","16546,04652","MEPRO"
"PERASA 3","SIRPLUS RASA MELON 100ML","Obat","25","14000","16800","MEPRO"
"PERKA","KERTAS PERKAMEN","Obat","100","250","287,5","SEHAT UTAMA"
"PIB","PIBAKSIN 2% OINT 10G","Obat","5","45250","52037,5","SANBE FARMA"
"PIROP","PIROTOP 2% CR 5G","Obat","2","39640","49550","SURYA DERMATO MEDICA LABORATORIES"
"PLM","PLASMINEX 500MG TAB 100S","Obat","95","3022,5","3566,55","SANBE FARMA"
"PLMC","PULMICORT RESP 0,5MG/ML","Obat","0","24688,75","30860,9375","ASTRAZENECA PHARMACEUTICAL"
"POT","POT SALEP 15GR","Obat","7","3500","4025","ONE MED"
"POT 1","POT SALEP 30GR","Obat","4","5000","5750","ONE MED"
"PRO","PROLYSIN SYR 120ML","Obat","0","38950","45686,36361","PROMEDRAHARDJO FARMASI INDUSTRI"
"PROKID","PROBIOKID SACH 10S","Obat","6","7550","12080","SANBE FARMA"
"PROL100","PROLYSIN PLUS SYR 100ML","Obat","13","50000","60000","PROMEDRAHARDJO FARMASI INDUSTRI"
"PSIKO","BRAXIDIN TAB 100S","Obat","157","1300","1495","SANBE FARMA"
"PSIKO1","ANALSIK KAPLET 100S","Obat","180","1750","2012,5","SANBE FARMA"
"PSIKO2","PROZEPAM 5 ENEMA TUBE","Obat","13","18500","21275","MEPRO"
"QDENG","VAKSIN QDENGA PWD VIAL=~1SYR 0.5ML","Obat","10","397710,63","477252,756","TAKEDA"
"RAN","RANIVEL 75MG/5ML SYR 60ML","Obat","11","68000","85000","NOVELL PHARMACEUTICAL LABORATORIES"
"RANTININJK","RANTIN INJ 50MG/ML 5 AMPUL","Obat","5","30000","36000","KALBE"
"RC","ROHTO COOL EYE DROP 7ML","Obat","3","15097,38","18418,8036","ROHTO LABORATORIUM"
"RCF","ROKSICAP F 250MG/5ML D SYR 60ML","Obat","7","70950","82302","CAPRIFARMINDO LABORATORIES"
"RESS","RESPITUSS 60MG/10ML SYR 120ML","Obat","1","57502,96","71878,7","INTERBAT"
"RHN","RHINOMAX TAB 30S","Obat","361","5500","6544,23828","SIMEX PHARMACEUTICAL"
"RILLUS","RILLUS CHEW TAB 30S","Obat","60","9333,33","11666,6625","KALBE"
"ROKS","ROKSICAP DRY SIRUP 60ML","Obat","7","44050","52860","CAPRIFARMINDO LABORATORIES"
"RTN","RETINOL PALMITATE 200.000 IU","Obat","50","900","1035","KIMIA FARMA"
"RTNL","RETINOL PALMITATE 100.000 IU","Obat","50","450,46","518,029","KIMIA FARMA"
"RTS","RATINAL 150MG KAPLET 30S","Obat","103","5700","7300,00778","GRACIA"
"SA","SANGOBION CAP 10S STRIP 25S","Obat","150","1954,93","2287,2681","MERCK"
"SABUN","ASEPSO SOAP 80G","Obat","3","7850","9027,5","TRIPLE ACNE"
"SAN","SANMOL 120MG/5ML SYR 60ML","Obat","2","16400","18860","SANBE FARMA"
"SAN 1","SANPRIMA 240MG/5ML SUSP 60ML","Obat","0","27543,8","31810,725","SANBE FARMA"
"SAN1","SANMETIDIN 200MG TAB 100S","Obat","51","1800","2070","SANBE FARMA"
"SAN4","SANEXON 4MG TAB 100S","Obat","100","2500","2875","SANBE FARMA"
"SANKID","SANBE KIDS EMULSION ORANGE 200ML","Obat","0","40901,25","47036,4375","SANBE FARMA"
"SANM","SANMOL 60MG/0.6ML DROP 15ML","Obat","0","17452,6","20594,068","SANBE FARMA"
"SAT","SANMOL 500MG TAB 4S STRIP 25S","Obat","146","450","517,5","SANBE FARMA"
"SAT 1","SANTAGESIK 500MG TAB 100S","Obat","1","682,5","794,9375","SANBE FARMA"
"SCACID","SCACID CR 10 GR","Obat","2","45000","54000","GUARDIAN"
"SGC","SAGESTAM 0.1% CR 10G","Obat","3","13550","15582,5","SANBE FARMA"
"SGT","SAGESTAM EYE/EAR DROP","Obat","3","31000","35650","SANBE FARMA"
"SIC","SICLIDON 100MG CAP 20S","Obat","20","5850","6727,5","SANBE FARMA"
"SLX","SIMLAX 5ML ENEMA 5S","Obat","15","16150","19380","SIMEX PHARMACEUTICAL"
"SOLPEPSA","SOLPEPSA 500MG/5ML SUSP 100ML","Obat","3","49500","59400","SOLAS"
"SOLV","SOLVITA DROP 15ML","Obat","1","35000","42000","SOLAS"
"SOT","SOPRINOL 500MG TABLET","Obat","90","8360","10032","GUARDIAN"
"SPI 1","SPUIT 1CC","Obat","100","4250","4887,5","ONE MED"
"SPI 2","SPUIT 3CC","Obat","88","3000","3450","ONE MED"
"SPOR","SPORETIK 200MG CAPL 10S","Obat","10","30712,5","35528,36542","SANBE FARMA"
"SPOR DS","SPORETIK 100MG/5ML D SYR 30ML","Obat","0","92100","105915","SANBE FARMA"
"STER1","STERIMAR BABY NASAL SPRAY 50ML","Obat","3","143717,8","172461,36","LABORATORIES FUMOZE"
"STRICAPS","STRIANA CAPS 36S","Obat","36","6000","7200","SOLAS"
"SUS","SOPRINOL 250MG/5ML SYR 60ML","Obat","9","80000","78000","GUARDIAN"
"SUSUPEDIA","PEDIASURE TRIPLESURE VANILA 200G BOX","Obat","22","90800","118040","ABBOT"
"TCT","TRICOX 60MG TAB 30S","Obat","30","5400","7290","NULAB PHARMACEUTICAL INDONESIA"
"TCT 1","TRICOX 90MG TAB 30S","Obat","30","5850","7897,5","NULAB PHARMACEUTICAL INDONESIA"
"TFD","TOFEDEX 25MG TAB 30S","Obat","30","7125","8550","LAPI LABORATORIES"
"THY","THIAMYCIN 125MG/5ML D SYR 60ML","Obat","6","60700","75875","INTERBAT"
"TM 1","TERMOMETER ONE KIDS","Obat","1","27500","31625","ONE MED"
"TM MC246","TERMOMETER OMRON MC 246","Obat","1","65000","74750","OMRON"
"TORAINJ","TORASIC INJEKSI 30MG 6 AMPUL","Obat","6","45833,33","52708,3295","KALBE"
"TRI","TRIAMCORT 4MG TAB 100S","Obat","62","4687","5787,433375","INTERBAT"
"TRIC","TRICHODAZOL 500MG TAB 100S","Obat","100","1850","2127,5","SANBE FARMA"
"TRM","TREMENZA TAB 100S","Obat","408","1650","1732,5","SANBE FARMA"
"TRO4","TROVENSIS 4MG TAB 10S","Obat","12","13450","15467,5","SANBE FARMA"
"TRO8","TROVENSIS 8MG TAB 10S","Obat","25","19000","21740,75","SANBE FARMA"
"TROG","TROGYL 125MG/5ML SUSP 60ML","Obat","3","42750","51300","OTTO"
"TROLIT","TROLIT SACH 6S","Obat","60","15416,66","18499,992","BINTANG TOEJO"
"TRS","TREMENZA SYR 60ML","Obat","0","22650","23782,5","SANBE FARMA"
"TU","TOP UNDERPAD","Obat","20","3500","4025","ONE MED"
"URDAHEX","URDAHEX 250MG CAP 30S","Obat","30","12433,33","14298,3295","KALBE"
"VAKSIN1","VAKSIN INFANRIX HEXA","Obat","2","718768","1124863,345","HEXA"
"VAKSIN2","VAKSIN HEXAXIM","Obat","8","637399,18","828618,934","SANOFI"
"VAKSIN3","VAKSIN IMOJEV REGULAR","Obat","8","345715","416518,8883","SANOFI"
"VAKSIN4","VAKSIN MENACTRA","Obat","1","473422,5","591778,125","SANOFI"
"VAKSIN5","VAKSIN VAXIGRIP TETRA SH","Obat","8","158403","213844,05","SANOFI"
"VAKSIN6","VAKSIN HAVRIX 720 JUNIOR","Obat","5","317084,4","396355,5","GSK"
"VAKSIN7","VAKSIN BOOSTRIX 0.5ML","Obat","3","325919,63","400881,1449","GSK"
"VAKSIN8","VAKSIN ENGERIX B 20MCG 1ML","Obat","2","179025","205878,75","GSK"
"VAKSR","VAKSIN ROTARIX SUSP","Obat","9","351285","432198,7693","GSK"
"VBI","VITAMIN B COMP IPI TAB 50S TUBE","Obat","763","122,22","140,553","SUPRA FERBINDO FARMA"
"VD","VOMISTOP DROPS 10ML","Obat","10","48500","62763,40915","PENTA VALENT"
"VHD","VENARON HD CAPL 30S","Obat","30","5868,5","6924,83","TEGUHSINDO"
"VHPV","VAKSIN HPV GARDASIL 9","Obat","1","1768636,24","2069304,401","MERCK"
"VINL","VAKSIN INLIVE","Obat","27","750000","1082098,75","SINOVAC"
"VIT","APIALYS SYR 100ML","Obat","6","40000","47400","LAPI LABORATORIES"
"VIT 1","APIALYS DROP 10ML","Obat","1","47500","57000","LAPI LABORATORIES"
"VMMR","VAKSIN MEASLES MUMPS RUBELLA II","Obat","15","405063","476517,1816","MSD"
"VOS","VOSEDON 5MG/5ML SUSP 60ML","Obat","3","32900","37835","SANBE FARMA"
"VOS1","VOMISTOP 5MG/5ML SUSP 60ML","Obat","2","43350","56355","GRACIA"
"VOT","VOSEDON 10MG TAB 100S","Obat","100","2600","2990","SANBE FARMA"
"VPCV","VAKSIN VAXNEUVANCE PCV 15","Obat","6","792975","1004730,712","MSD"
"VPL","VELUTINE PLUS INHALATION SOL 2.5MG 20S","Obat","162","8240","11124","ANTARMITRA SEMBADA"
"VPQ","VAKSIN PROQUAD","Obat","2","1059620","1218563","MSD"
"VTP","VAKSIN TYPHIM VI 0.5 ML","Obat","4","194128,82","238330,7378","SANOFI"
"VTR","VOLTAREN EC 50MG TAB 50S","Obat","48","7350,87","8600,5179","NOVARTIS INDONESIA"
"XBT","XYBAT","Obat","60","5512,5","7441,875","INTERBAT"
"XYB","XYBAT SYRUP 60ML","Obat","2","84000","96600","INTERBAT"
"YC","YOU C1000 MANGO","Obat","0","4950","0","ENSEVAL"
"YC L","YOU C1000 LEMON","Obat","14","4950","5692,5","ENSEVAL"
"YC O","YOU C1000 ORANGE","Obat","0","4950","0","ENSEVAL"
"YC1","YOU C 100- WATER 500 ML","Obat","10","5798","6667,7","ENSEVAL"
"ZBS","ZIBRAMAX 200MG/5ML D SYR 15ML","Obat","5","109250","131100","GUARDIAN"
"ZBT","ZIBRAMAX 500MG FC CAPL 6S","Obat","32","38000","45600","GUARDIAN"
"ZINC","ZINCGARD 20MG TABLET DISP","Obat","80","1620","2025","IMEDCO DJAJA"
