"sku_number","name","tipe_produk","quantity","hpp_average","selling_price"
"ACE","ACETIN 200MG CAP 30S","Obat","40","2400","2760"
"ACIF","ACIFAR 400MG TAB 30S","Obat","32","1111,44","1389,3"
"ACF","ACIFAR CR 5G","Obat","2","6553,44","8191,8"
"ACP","ALCO PLUS SYR 100ML","Obat","1","73500","77175"
"ACFB","ALCOFLU =~ BATUK SIRUP 100ML","Obat","5","42801,56","59922,184"
"ALD","ALDISA SR CAP 50S","Obat","0","5950","6842,5"
"ALF","ALERFED PLUS EXPECT SYR 60ML","Obat","4","28500","34200"
"ALRF","ALERFED SYR","Obat","50","18000","20700"
"AKH 1","ALKOHOL 70% 100ML","Obat","5","4500","5175"
"AKH 2","ALKOHOL 70% 300ML","Obat","2","11500","13225"
"AS","ALKOHOL SWAB ONESWABS","Obat","200","150","172,5"
"ALOGEL","ALOCLAIR PLUS GEL 8ML","Obat","1","94350","108502,5"
"ALOSP","ALOCLAIR PLUS SPRAY 15ML","Obat","2","95000","109045,1563"
"AMOX","AMOXSAN 125MG/5ML D SYR 60ML","Obat","10","22522,5","25961,25"
"AMOX 1","AMOXSAN 500MG CAP 100S","Obat","95","3300","3795"
"AMOXF","AMOXSAN F 250MG/5ML D SYR 60ML","Obat","5","31980","37736,4"
"AMOX 2","AMOXSAN PAED 100MG/ML DROP 15ML","Obat","5","22425","25788,75"
"PSIKO1","ANALSIK KAPLET 100S","Obat","190","1750","2012,5"
"ANCEF","ANCEFA 125MG/5ML D SYR 60ML","Obat","3","45000","53754,5454"
"APCS","APECUR SYR 100ML","Obat","5","45000","56250"
"APD","APETIC 100MG/ML DROP 15ML","Obat","5","27500","33000"
"APS","APETIC 120MG/5ML SUSP 60ML","Obat","6","30875","37050"
"APTF","APETIC FORTE 250MG/5ML SUSP 60ML","Obat","10","36100","43320"
"VIT 1","APIALYS DROP 10ML","Obat","2","45125","54150"
"VIT","APIALYS SYR 100ML","Obat","2","38000","45600"
"ABD","APIBAN DROP 15ML","Obat","2","118750","142500"
"ARC","ARCOXIA 90MG TAB 30S","Obat","30","17421,57","21428,5311"
"SABUN","ASEPSO SOAP 80G","Obat","3","7850","9027,5"
"AXTA","AXTAN 4MG CAP 30S","Obat","30","9700","11640"
"BAQ","BAQUINOR F 500MG TAB 20S","Obat","4","13900","15985"
"BAY","BAYCUTEN N CR 5G","Obat","2","58946,55","70735,86"
"BDM","BDM SIRUP 60ML","Obat","7","37000","45829,5455"
"BB","BEARBRAND RTD MILK","Obat","26","8830","10154,5"
"BCZ","BECOM ZET TAB 100S","Obat","130","2250","2587,5"
"BEN","BENOSON N CR 15G","Obat","0","33131,46","38101,179"
"BEN 1","BENOSON N CR 5G","Obat","3","16745","19867,6875"
"OBAT KUMUR","BETADINE GARGLE 190ML","Obat","1","34213,25","41055,9"
"BETA","BETASON N CR 5G","Obat","5","14355","18374,4"
"BIO","BIOCORT CR 10GR","Obat","1","22550,48","33825,72"
"BIOP","BIOPLACENTON GEL 15G","Obat","2","26418","34343,4"
"BOS","BIOSTRUM SYR 100ML","Obat","1","52250","62700"
"BNS","BNS BREATHY NASAL SPRAY 30ML","Obat","4","70400","95040"
"BOR 1","BORRAGINOL N OINT 15G","Obat","1","83982,6","99099,468"
"BOR","BORRAGINOL S OINT 15G","Obat","1","113053,5","133403,13"
"PSIKO","BRAXIDIN TAB 100S","Obat","177","1300","1495"
"BRON","BRONKIPECT SIRUP 60ML","Obat","3","37800","47250"
"BUF","BUFACOMB IN ORAL BASE CR 5G","Obat","4","25308","33416,55"
"IDE","BUFACOMB IN ORAL BASE CR 5G","Obat","0","14353","0"
"BSM KAP","BUSMIN 500MG CAP 10S STRIP 3S","Obat","120","7315","9278,50001"
"BMS","BUSMIN SIRUP 60ML","Obat","2","79475","103317,5"
"BBF 2","BYE BYE FEVER ANAK SACH 10S","Obat","12","9200","10580"
"BBF 1","BYE BYE FEVER BAYI SACH 10S","Obat","5","6450","7417,5"
"BBF 3","BYE BYE FEVER DWS SACH 10S","Obat","20","10570","12155,5"
"CENDO 3","C EYEFRESH EYE DROP 5ML","Obat","3","29134,58","34280,064"
"C GENT","C GENTA 0.3% EYE DROP 5ML","Obat","3","28630,09","35501,3116"
"CENDO 4","C MYCOS EYE DROP 5ML","Obat","5","18881","22657,2"
"CENDO","C STATROL EYE DROP 5ML","Obat","2","17337,5","20805"
"CENDO 1","C XITROL EYE DROP 5ML","Obat","6","29900","35580,99996"
"CENDO 2","C XITROL EYE OINT 3.5G","Obat","3","34081","40897,2"
"CALD","CALADINE LOT 95ML","Obat","1","21743,79","26092,548"
"CALP","CALADINE POWDER ORIG 100G","Obat","2","15490,6","18588,72"
"CPS","CALNIC PLUS SUSP 100ML","Obat","16","77000","98039,11767"
"CAP","CAPRITAZIN 10MG/ML DROP 20ML","Obat","7","55000","64533,33336"
"CAT","CATAFLAM 50MG TAB 50S","Obat","50","6680,78","7816,5126"
"CFR","CEFAROX 100 MG","Obat","100","23000","27600"
"CFRX1","CEFAROX DRY SYR","Obat","12","96250","115500"
"CEF","CEFAT 125MG/5ML D SYR 60ML","Obat","0","46250","53187,5"
"CEF1","CEFAT 250MG CAP 100S","Obat","50","5460","6442,8"
"ATB","CEFILA 100MG/5ML D SYR 30ML","Obat","1","95000","113481,8182"
"CPT","CEPTIK DRY SYR 30ML","Obat","4","126250","170437,5"
"CER","CERINI 10MG TAB 20S","Obat","15","3802,5","4395,3"
"CERD","CERINI 10MG/ML DROP 20ML","Obat","2","71300","81995"
"CESB","CESSA BABY HAPPY NOSE 8ML","Obat","5","28900","33235"
"CESK2","CESSA KIDS HAPPY NOSE 8ML","Obat","5","24600","28290"
"CET","CETIRGI 5MG/5ML SYR 60ML","Obat","1","57000","68400"
"CFRX","CFERAOX DRY SYR","Obat","0","96250","0"
"CLN","CLANEKSI 125MG/5ML D SYR 60ML","Obat","2","57086,25","65649,1875"
"CLN 1","CLANEKSI F 250MG/5ML D SYR 60ML","Obat","2","75757,5","87121,125"
"ATB 1","CLINMAS 150MG CAP 30S","Obat","30","4275","5130"
"CLC","CLINMAS 300MG CAPS 30S","Obat","30","8075","9690"
"CLNV","CLINOVIR CR 5GR","Obat","2","31590","37276,2"
"COBZ","COBAZIM 1000MCG CAP 100S","Obat","577","4041,95","5052,4375"
"COBZ1","COBAZIM 3000MCG CAP 100S","Obat","290","9304,68","11630,85"
"NARKOTIKA","CODIKAF TAB 15MG 100S","Obat","493","1837,5","2113,125"
"CDS","COLTIN DRY SIRUP 60ML","Obat","5","45980","55176"
"CJS","COMBANTRIN JERUK SUSP 10ML","Obat","0","18777,64","22157,6152"
"CORT","CORTIDEX 0.5MG TAB 100S","Obat","82","341,25","394,8479"
"CTM","CTM PIM 4MG TAB 12S STRIP 24S","Obat","181","68,06","98,687"
"CTZ","CTZ DROPS 10ML","Obat","5","45000","56250"
"CTZ 1","CTZ SIRUP 5MG/5ML 60ML","Obat","91","55000","79750"
"DZD","DARYAZINC 27.5MG/ML DROPS 15ML","Obat","2","30972,37","36857,1203"
"DZS","DARYAZINC 55MG/5ML SYR 60ML","Obat","11","32500","40625"
"DUG","DERMATIX ULTRA GEL 5G","Obat","0","108613,5","130336,2"
"DTS","DESTAVELL TABLET 30S","Obat","70","7333,33","9899,9955"
"DHA","DHAEPA 30S SOFT KAPSUL","Obat","60","12900","16125"
"DIA","DIAGIT TAB 10S STRIP 10S","Obat","382","3040","3800"
"DIC","DIGENTA CR 10G","Obat","2","79648,12","99560,15"
"DISU","DISUDRIN PED 15MG/5ML SYR 60ML","Obat","3","32139,45","40174,3125"
"DISU1","DISUDRIN PED 7.5MG/0.8ML DROP 10ML","Obat","9","40800","51000"
"DUL","DULCOLACTOL SYR 60ML","Obat","2","70032,51","84039,012"
"DUL 1","DULCOLAX SUPP ADULT 5S","Obat","5","28002,67","33603,204"
"EFL","EFLAGEN 50MG TAB 50S","Obat","50","2300","2645"
"EPX","EPEXOL 30MG TAB 100S","Obat","107","925","1052,570505"
"EDS","ERDOMEX 175MG SIRUP KERING 60ML","Obat","4","50000","61458,33338"
"EPT","ERLAMYCETIN PLUS EYE DROP 5ML","Obat","4","16605,6","22417,56"
"ERYSA","ERYSANBE 200MG/5ML D SYR 60ML","Obat","2","27056,25","31314,14063"
"ERYS","ERYSANBE CHEW 200MG TAB 100S","Obat","100","2000","2300"
"GERD","EZOCON 20MG KAPLET 30S","Obat","0","13200","17820"
"GERD 1","EZOCON 40MG KAPLET 30S","Obat","30","18000","24300"
"FEM","FEMISIC 500MG TAB 100S","Obat","277","1425","1710"
"FEN","FENATIC 100MG/5ML SUSP 60ML","Obat","0","31350","36263,3333"
"FD","FEROSFER DROPS 15ML","Obat","2","33150","43095"
"FS","FEROSFER SUSP 120ML","Obat","2","41000","51301,25"
"FERK","FERRO K DROP 15ML","Obat","2","31500","39375"
"FER","FERVIT STRAW DROP 15ML","Obat","5","42750","51300"
"FTH","FG TROCHES MEIJI TAB 120S","Obat","8","15037,42","18496,0266"
"FLAM","FLAMSY 50MG TAB 30S","Obat","30","1950","2437,5"
"FU","FLUIMUCIL 600MG EFF 10S","Obat","20","16729,92","19908,6048"
"FTV","FLUTIVEL NASAL SPRAY 120 DOSIS","Obat","10","110000","148500"
"FCX","FORCANOX 100MG CAP 18S","Obat","18","21090","25308"
"FORKAP","FORLIV KAPSUL 30S","Obat","60","5500","6600"
"FORSUP","FORLIV SIRUP 60ML","Obat","10","55000","66000"
"FORMY","FORMYCO 200MG TAB 50S","Obat","45","5700","6555"
"FRD","FORTI D 400IU SYR 100ML","Obat","4","24438,75","28593,3375"
"FORU","FORUMEN EAR DROP 10ML","Obat","3","28900","33235"
"FUCO","FUCOTRAP 50MG CAP 20S","Obat","40","9900","11880"
"CRM 1","FULADIC 2% CR 5G","Obat","4","55100","66120"
"CRM","FUNGASOL 2% CR 10G","Obat","1","26600","31920"
"GP","GP RL INFUS SOFT BAG 500ML","Obat","12","8559","9842,85"
"GMK","GRAMILAC KAPLET 60S","Obat","140","3850","4897,75"
"HSK","HANSAPLAST ANAK KARAKTER","Obat","6","13500","15525"
"HEP","HEPTASAN 4MG TAB 100S","Obat","254","403,75","476,376575"
"HERB","HEROCYN BABY PWD 100G","Obat","1","7548","8680,2"
"HER","HEROCYN PWD 150G","Obat","2","15873","18253,95"
"HER 1","HEROCYN PWD 85G","Obat","2","11322","13020,3"
"HI-CUR","HI-CUR 500 MG 30S KAPSUL","Obat","216","14000","17015,06025"
"HI-KID","HI-KID BUBBLE GUM TAB 30S","Obat","30","5250","6562,5"
"HIS","HISPAMIN 10MG TAB 100S","Obat","50","2375","2850"
"HEK","HOLISTICARE SUPER ESTER C KIDS CHEW TAB 30S BTL","Obat","2","37583,49","43972,6833"
"HEC","HOLISTICARE SUPER ESTER C TAB 30S BTL","Obat","2","44436,63","51990,8571"
"HDC","HYDRO COCO ORIGINAL","Obat","1","5400","6210"
"HDC V","HYDRO COCO VITA-D 330 ML","Obat","2","7850","9027,5"
"IMBOOST","IMBOOST FORCE FCT CAPL 30S","Obat","10","6577,69","7893,228"
"IMUN","IMUNKID DROP 15 ML","Obat","16","51000","62687,5"
"IMUN1","IMUNKID SIRUP 60 ML","Obat","8","54000","67500"
"IMUND","IMUNPED DROP 15ML","Obat","0","51450","56310,18296"
"INDX","INDEXON 0.5MG TAB 100S","Obat","100","725,76","907,2"
"INER","INERSON 0.25% OINT 15G","Obat","2","73879,21","92349,0125"
"ISA 1","INFUS SET ANAK TERUMO","Obat","2","27500","31625"
"ISD 1","INFUS SET DWS","Obat","2","17500","20125"
"INS","INSTO DRY EYES 7.5ML","Obat","3","14067","16458,39"
"INTER","INTERLAC DROP 5ML","Obat","1","315000","419176,8968"
"INTER1","INTERLAC STRAWBERRY CHEW TAB 30S","Obat","30","8436,25","10545,3125"
"INTERZ","INTERZINC 20MG/5ML SYR 60ML","Obat","12","51500","54775,74688"
"INTERT","INTERZOL 200MG TAB 50S","Obat","50","5715,31","7144,1375"
"IPF","IPROX FORTE 200MG/5ML STRAW SUSP 60ML","Obat","8","29250","36562,5"
"IRMX","IREMAX TABLET","Obat","300","1150","1380"
"KBM","KAPAS BOLA MEDISOFT","Obat","2","12500","14375"
"KSH","KASA STERIL HUSADA","Obat","3","12500","14375"
"KNC","KENACORT-A CR","Obat","5","98000","98000"
"KEN","KENALOG IN ORABASE 5GR","Obat","0","69930","80419,5"
"PERKA","KERTAS PERKAMEN","Obat","100","250","287,5"
"KID-S","KID-D STRAW SYR 60ML","Obat","1","76500","95625"
"KC","KONSTILAC SIRUP 60ML","Obat","4","55000","66000"
"PENCERNAAN","L-BIO SACH 30S","Obat","135","8550","10260"
"LAC","LACTRIN 300MG CAP 20S","Obat","1","5250","6292,31712"
"LMS","LAMESON 4MG TAB 100S","Obat","11","4500","5375,20404"
"LAS","LAMESON 4MG/5ML SUSP 30ML","Obat","3","90250","108300"
"LND","LANOS DROPS 15ML","Obat","1","45125","54150"
"ATB 2","LAPIMOX 500MG TAB 100S","Obat","100","3325","3990"
"LAP","LAPIMUC DROPS 15ML","Obat","2","39900","47880"
"LAT","LAPISTAN 500MG CAPL 100S","Obat","100","1615","1938"
"LARUTAN1","LARUTAN KAKI TIGA KLG JERUK","Obat","4","5500","6600"
"LARUTAN","LARUTAN PENYEGAR CAP BADAK 350ML","Obat","17","5342,43","6143,7945"
"LARUTAN 1","LARUTAN PENYEGAR CAP BADAK LECI 320ML","Obat","16","5583","6420,45"
"LSK","LASAL 2MG CAP 100S","Obat","127","1662,5","1995"
"LAS 1","LASAL 4MG CAP 100S","Obat","371","2250","2625,26784"
"NEB 1","LASAL COM 2.5ML","Obat","63","14250","17100"
"LAX","LAXADINE EMULSI 60ML","Obat","2","43458","56495,4"
"LEV","LEVOCIN 500MG TAB 18S","Obat","18","37800","43470"
"LOKCR","LOKSIN CR 10GR","Obat","4","69500","83400"
"LONG","LONGATIN 50MG CAP 100S","Obat","104","4650,34","5580,408"
"MGK","MAGANOL 500MG CAPL 120S","Obat","340","475","570"
"MNA","MASKER NEBULIZER ANAK GEA","Obat","2","35000","40250"
"MS","MAXBIOTIK SACH 30S","Obat","1190","8500","10625"
"MAXK","MAXPRO 100MG CAP 30S","Obat","120","18050","21660"
"MAXDS","MAXPRO DRY SIRUP 30ML","Obat","10","82000","98400"
"MAXDROP","MAXPRO DRY SIRUP DROP 30ML","Obat","6","55000","66000"
"BALSEM","MAXTUSIVE CARE BABY CR 20GR","Obat","3","54000","67500"
"BALSEM 2","MAXTUSIVE CARE KIDS CR 20GR","Obat","3","54000","62100"
"MEF","MEFINAL 500MG TAB 100S","Obat","3","1500","1725"
"MEFO","MEFOZ 4MG/5ML SYR 60ML","Obat","8","90000","108000"
"MILO","MILO ACTIV-GO 220 ML","Obat","11","7698","8852,7"
"MINOS2","MINOSEP GARGLE 0.2% MERAH 200ML","Obat","2","55000","64900"
"OBAT KUMUR 2","MINOSEP GARGLE 0.2% MERAH 60ML","Obat","1","23310","33799,5"
"MINOSKIDS","MINOSEP MOUTHWASH KIDS 200ML","Obat","4","43000","53750"
"MON1","MONELL 10MG TAB 50S","Obat","100","4083,2","5512,32"
"MON","MONELL 5MG/5ML SUSP 60ML","Obat","7","43200","54000"
"MUC1","MUCERA 15MG/5ML SYR 60ML","Obat","5","28500","34200"
"MUC","MUCERA 15MG/ML DROP 15ML","Obat","3","40000","47657,14284"
"MUS","MUCOS SIRUP 60ML","Obat","3","15675","18810"
"MYC","MYCO-Z OINT 10G","Obat","10","96015","110417,25"
"MT","MYONEP 50MG TAB 100S","Obat","100","5462,5","6281,875"
"ISC","NACL 0.9% 500ML MJB","Obat","20","6774,74","7926,4458"
"INFUS 1","NACL 100ML","Obat","9","13269,21","18576,894"
"NAT","NALGESTAN TAB 100S","Obat","622","2108,44","2424,706"
"NAP","NAPREX 60MG/0.6ML DROP 15ML","Obat","0","43772,73","51214,0941"
"NARS","NARFOZ 4MG/5ML SYR 60ML","Obat","0","87750","103545"
"NAR8","NARFOZ 8MG TAB 12S","Obat","12","24375","28762,5"
"NEO","NEO KAOLANA SUSP 120ML","Obat","2","13698,75","15753,5625"
"NEURO","NEUROBION FORTE TAB 10S STRIP 25S","Obat","250","4150,26","4980,312"
"NDS","NIKOLAM 125MG/5ML DS 60ML","Obat","4","23750","28500"
"NOS","NORAGES 250MG/5ML SIRUP 60ML","Obat","3","32000","38400"
"NOD","NORAGES DROPS 20ML","Obat","2","37050","44460"
"NFC","NOSFOCIN 30MG/5ML SYR 120ML","Obat","1","86000","116100"
"NFY","NU-FIT SYR","Obat","48","70000","115500"
"NUB","NUBREX 100MG KAPSUL","Obat","30","5415","6498"
"NUB 1","NUBREX 200MG KAPSUL","Obat","30","8360","10032"
"NSB","NULOSE SIRUP 60ML","Obat","0","40500","50625"
"NUPS","NUPRINOL 250MG/5ML SYR 60ML","Obat","105","70000","79973,36452"
"NYM","NYMIKO ORAL DROP 12ML","Obat","3","36270","41977,875"
"NYS","NYSTIN ORAL DROP 12ML","Obat","4","43700","52440"
"ODN","ONDANE SYR 60","Obat","98","50000","57500"
"ME 1","ONE MED MASKER EARLOOP 50S","Obat","50","350","402,5"
"OPI","OPICORT 4MG TAB 30S","Obat","162","4200","4946,15904"
"OTI","OTILON EAR DROP 8ML","Obat","3","43600","50140"
"OTOP","OTOPAIN EAR DROP 8ML","Obat","2","68482,5","85603,125"
"OXO","OXOPI SYR 60ML","Obat","5","33250","39900"
"PAMOL125","PAMOL 125MG SUPP 12S","Obat","9","16583,33","22387,4955"
"PAMOL250","PAMOL 250MG SUPP 12S","Obat","22","24450","33007,5"
"OBAT","PARACETAMOL","Obat","0","1000","1100"
"PEDIA","PEDIACOMPLETE VANILA 800G KALENG","Obat","45","331068,84","413836,05"
"PED","PEDIALYTE BUBLE GUM 500ML","Obat","5","37540,2","45048,24"
"PED 1","PEDIALYTE SOL 500ML","Obat","5","37540,2","45048,24"
"SUSUPEDIA","PEDIASURE TRIPLESURE VANILA 200G BOX","Obat","26","90800","118040"
"PEDX","PEDITOX 50ML","Obat","3","8919,62","10435,9554"
"PIB","PIBAKSIN 2% OINT 10G","Obat","0","45250","52037,5"
"PLM","PLASMINEX 500MG TAB 100S","Obat","100","3022,5","3566,55"
"POT","POT SALEP 15GR","Obat","8","3500","4025"
"POT 1","POT SALEP 30GR","Obat","5","5000","5750"
"PROKID","PROBIOKID SACH 10S","Obat","6","7550","12080"
"PROL100","PROLYSIN PLUS SYR 100ML","Obat","6","50000","60000"
"PRO","PROLYSIN SYR 120ML","Obat","0","38950","45686,36361"
"PSIKO2","PROZEPAM 5 ENEMA TUBE","Obat","5","18500","21275"
"PLMC","PULMICORT RESP 0,5MG/ML","Obat","0","24688,75","30860,9375"
"OBAT 2","PYREX TABLET 20S","Obat","125","532,4","718,74"
"RAN","RANIVEL 75MG/5ML SYR 60ML","Obat","7","68000","83920,4545"
"RTS","RATINAL 150MG KAPLET 30S","Obat","41","5415","6781,76083"
"RESS","RESPITUSS 60MG/10ML SYR 120ML","Obat","1","57502,96","71878,7"
"RHN","RHINOMAX TAB 30S","Obat","121","5225","6270"
"RC","ROHTO COOL EYE DROP 7ML","Obat","3","15097,38","18418,8036"
"ROKS","ROKSICAP DRY SIRUP 60ML","Obat","2","44050","51538,5"
"RCF","ROKSICAP F 250MG/5ML D SYR 60ML","Obat","9","70950","82302"
"NEEDLE","SAFEJECT HYPONEED 25G1 INCX10","Obat","20","9009","0"
"SGC","SAGESTAM 0.1% CR 10G","Obat","3","13550","15582,5"
"SGT","SAGESTAM EYE/EAR DROP","Obat","3","31000","35650"
"SANKID","SANBE KIDS EMULSION ORANGE 200ML","Obat","2","40901,25","47036,4375"
"SAN4","SANEXON 4MG TAB 100S","Obat","87","2500","2875"
"SA","SANGOBION CAP 10S STRIP 25S","Obat","160","1954,93","2287,2681"
"SAN1","SANMETIDIN 200MG TAB 100S","Obat","56","1800","2070"
"SAN","SANMOL 120MG/5ML SYR 60ML","Obat","1","16400","18860"
"SAT","SANMOL 500MG TAB 4S STRIP 25S","Obat","146","450","517,5"
"SANM","SANMOL 60MG/0.6ML DROP 15ML","Obat","3","17452,6","20594,068"
"SAN 1","SANPRIMA 240MG/5ML SUSP 60ML","Obat","2","27543,8","31810,725"
"SAT 1","SANTAGESIK 500MG TAB 100S","Obat","137","682,5","794,9375"
"SIC","SICLIDON 100MG CAP 20S","Obat","20","5850","6727,5"
"SLX","SIMLAX 5ML ENEMA 5S","Obat","15","16150","19380"
"PERASA","SIRPLUS RASA ANGGUR 100ML","Obat","0","13300","15960"
"PERASA 1","SIRPLUS RASA JERUK 100ML","Obat","8","14000","16800"
"PERASA 3","SIRPLUS RASA MELON 100ML","Obat","0","13300","15960"
"PERASA 2","SIRPLUS RASA STRAWBERRY 100ML","Obat","32","14000","16164,87804"
"SOLPEPSA","SOLPEPSA 500MG/5ML SUSP 100ML","Obat","5","49500","59400"
"SOLV","SOLVITA DROP 15ML","Obat","3","35000","42000"
"SUS","SOPRINOL 250MG/5ML SYR 60ML","Obat","15","80000","78000"
"SOT","SOPRINOL 500MG TABLET","Obat","90","8360","10032"
"SPOR DS","SPORETIK 100MG/5ML D SYR 30ML","Obat","5","92100","105158,4643"
"SPOR","SPORETIK 200MG CAPL 10S","Obat","10","30712,5","35528,36542"
"SPI 1","SPUIT 1CC","Obat","100","4250","4887,5"
"SPI 2","SPUIT 3CC","Obat","94","3000","3450"
"STER1","STERIMAR BABY NASAL SPRAY 50ML","Obat","3","143717,8","172461,36"
"STRICAPS","STRIANA CAPS 36S","Obat","72","6000","7200"
"TM MC246","TERMOMETER OMRON MC 246","Obat","2","65000","74750"
"TM 1","TERMOMETER ONE KIDS","Obat","1","27500","31625"
"THY","THIAMYCIN 125MG/5ML D SYR 60ML","Obat","0","45183,56","56479,45"
"GEL","THROMBOPHOB GEL 20G","Obat","3","64602","76230,36"
"TFD","TOFEDEX 25MG TAB 30S","Obat","30","7125","8550"
"TU","TOP UNDERPAD","Obat","20","3500","4025"
"TRS","TREMENZA SYR 60ML","Obat","2","22650","23782,5"
"TRM","TREMENZA TAB 100S","Obat","68","1650","1732,5"
"TRI","TRIAMCORT 4MG TAB 100S","Obat","85","4687","5787,433375"
"TRIC","TRICHODAZOL 500MG TAB 100S","Obat","100","1850","2127,5"
"TCT","TRICOX 60MG TAB 30S","Obat","30","5400","7290"
"TCT 1","TRICOX 90MG TAB 30S","Obat","30","5850","7897,5"
"TROG","TROGYL 125MG/5ML SUSP 60ML","Obat","3","42750","51300"
"TRO4","TROVENSIS 4MG TAB 10S","Obat","8","13450","15403,05205"
"TRO8","TROVENSIS 8MG TAB 10S","Obat","5","18525","21303,75"
"VAKSIN7","VAKSIN BOOSTRIX 0.5ML","Vaksin","3","325919,63","400881,1449"
"VAKSIN8","VAKSIN ENGERIX B 20MCG 1ML","Vaksin","2","179025","205878,75"
"VAKSIN6","VAKSIN HAVRIX 720 JUNIOR","Vaksin","9","317084,4","396355,5"
"VAKSIN2","VAKSIN HEXAXIM","Vaksin","8","637399,18","828618,934"
"VHPV","VAKSIN HPV GARDASIL 9","Vaksin","1","1768636,24","2069304,401"
"VAKSIN3","VAKSIN IMOJEV REGULAR","Vaksin","6","317387,97","390387,2031"
"VAKSIN1","VAKSIN INFANRIX HEXA","Vaksin","8","718768","1124863,345"
"AIT","VAKSIN INFLUVAC TETRA SH","Vaksin","19","199100","268785"
"VINL","VAKSIN INLIVE","Vaksin","5","699712,5","1014583,125"
"VMMR","VAKSIN MEASLES MUMPS RUBELLA II","Vaksin","17","405063","476517,1816"
"VAKSIN4","VAKSIN MENACTRA","Vaksin","1","473422,5","591778,125"
"VPQ","VAKSIN PROQUAD","Vaksin","2","1059620","1218563"
"QDENG","VAKSIN QDENGA PWD VIAL=~1SYR 0.5ML","Vaksin","11","397710,63","477252,756"
"VAKSR","VAKSIN ROTARIX SUSP","Vaksin","11","351285","432198,7693"
"VTP","VAKSIN TYPHIM VI 0.5 ML","Vaksin","6","194128,82","238330,7378"
"VAKSIN5","VAKSIN VAXIGRIP TETRA SH","Vaksin","10","158403","213844,05"
"VPCV","VAKSIN VAXNEUVANCE PCV 15","Vaksin","3","672343,67","874046,771"
"VPL","VELUTINE PLUS INHALATION SOL 2.5MG 20S","Obat","177","8240","11124"
"VHD","VENARON HD CAPL 30S","Obat","30","5868,5","6924,83"
"VBI","VITAMIN B COMP IPI TAB 50S TUBE","Obat","913","122,22","140,553"
"VTR","VOLTAREN EC 50MG TAB 50S","Obat","50","7350,87","8600,5179"
"VOS1","VOMISTOP 5MG/5ML SUSP 60ML","Obat","5","43350","56355"
"VD","VOMISTOP DROPS 10ML","Obat","2","46075","59897,5"
"VOT","VOSEDON 10MG TAB 100S","Obat","100","2600","2990"
"VOS","VOSEDON 5MG/5ML SUSP 60ML","Obat","3","32900","37835"
"OBAT 1","VOSTRIN 300MG CAP 20S","Obat","15","3750","4938,157845"
"XBT","XYBAT","Obat","x","5512,5","7441,875"
"XYB","XYBAT SYRUP 60ML","Obat","4","84000","96600"
"YC L","YOU C1000 LEMON","Obat","19","4950","5692,5"
"YC","YOU C1000 MANGO","Obat","0","4950","0"
"YC O","YOU C1000 ORANGE","Obat","0","4950","0"
"ZBS","ZIBRAMAX 200MG/5ML D SYR 15ML","Obat","5","109250","131100"
"ZBT","ZIBRAMAX 500MG FC CAPL 6S","Obat","35","38000","45600"
"ZINC","ZINCGARD 20MG TABLET DISP","Obat","80","1620","2025"
